Timestamp,Log Message / Action,Repo Count / Delta,Requests Made,Points Burned,Technical Explanation
16:10:53,ğŸš€ Starting Crawler,Target: 100k,0,0,Pipeline Initialization
16:10:57,âœ‚ï¸ Split Range (2008-2025),283949704,1,1,Check: Count > 1000. Split required.
16:11:00,âœ‚ï¸ Split Range (2008-2016),19216414,1,1,Check: Count > 1000. Split required.
16:11:03,âœ‚ï¸ Split Range (2008-2012),1080706,1,1,Check: Count > 1000. Split required.
16:11:05,âœ‚ï¸ Split Range (2008-2010),131178,1,1,Check: Count > 1000. Split required.
16:11:08,âœ‚ï¸ Split Range (2008-2009),27502,1,1,Check: Count > 1000. Split required.
16:11:10,âœ‚ï¸ Split Range (Jan-Jul 2008),6415,1,1,Check: Count > 1000. Split required.
16:11:14,âœ‚ï¸ Split Range (Jan-Apr 2008),1520,1,1,Check: Count > 1000. Split required.
16:11:21,ğŸ“¥ COLLECT DATA,184 (Delta),3,3,Success: 1 Check + 2 Pages (184 items).
16:11:23,âœ‚ï¸ Split Range (Feb-Apr 2008),1348,1,1,Check: 1348 > 1000. Split required.
16:11:39,ğŸ“¥ COLLECT DATA,568 (Delta),7,7,Success: 1 Check + 6 Pages (568 items).
16:12:01,ğŸ“¥ COLLECT DATA,795 (Delta),9,9,Success: 1 Check + 8 Pages (795 items).
16:12:04,âœ‚ï¸ Split Range (Apr-Jul 2008),4935,1,1,Check: Count > 1000. Split required.
16:12:06,âœ‚ï¸ Split Range (Apr-Jun 2008),2293,1,1,Check: Count > 1000. Split required.
16:12:08,âœ‚ï¸ Split Range (Apr-May 2008),1064,1,1,Check: Count > 1000. Split required.
16:12:22,ğŸ“¥ COLLECT DATA,545 (Delta),7,7,Success: 1 Check + 6 Pages (545 items).
16:12:40,ğŸ“¥ COLLECT DATA,546 (Delta),7,7,Success: 1 Check + 6 Pages (546 items).
16:12:42,âœ‚ï¸ Split Range (May-Jun 2008),1262,1,1,Check: 1262 > 1000. Split required.
16:12:59,ğŸ“¥ COLLECT DATA,635 (Delta),8,8,Success: 1 Check + 7 Pages (635 items).
16:13:18,ğŸ“¥ COLLECT DATA,667 (Delta),8,8,Success: 1 Check + 7 Pages (667 items).
16:13:20,âœ‚ï¸ Split Range (Jun-Jul 2008),2686,1,1,Check: Count > 1000. Split required.
16:13:22,âœ‚ï¸ Split Range (Jun-Jun 2008),1388,1,1,Check: Count > 1000. Split required.
16:13:42,ğŸ“¥ COLLECT DATA,679 (Delta),8,8,Success: 1 Check + 7 Pages (679 items).
16:14:00,ğŸ“¥ COLLECT DATA,753 (Delta),9,9,Success: 1 Check + 8 Pages (753 items).
16:14:03,âœ‚ï¸ Split Range (Jun-Jul 2008),1352,1,1,Check: 1352 > 1000. Split required.
16:14:22,ğŸ“¥ COLLECT DATA,700 (Delta),8,8,Success: 1 Check + 7 Pages (700 items).
16:14:43,ğŸ“¥ COLLECT DATA,724 (Delta),9,9,Success: 1 Check + 8 Pages (724 items).
16:14:45,âœ‚ï¸ Split Range (Jul '08 - Feb '09),21154,1,1,Check: Count > 1000. Split required.
16:14:48,âœ‚ï¸ Split Range (Jul '08 - Nov '08),7481,1,1,Check: Count > 1000. Split required.
16:14:50,âœ‚ï¸ Split Range (Jul '08 - Sep '08),3441,1,1,Check: Count > 1000. Split required.
16:14:53,âœ‚ï¸ Split Range (Jul '08 - Aug '08),1508,1,1,Check: Count > 1000. Split required.
16:15:16,ğŸ“¥ COLLECT DATA,739 (Delta),9,9,Success: 1 Check + 8 Pages (739 items).
16:15:40,ğŸ“¥ COLLECT DATA,815 (Delta),10,10,Success: 1 Check + 9 Pages (815 items).
16:15:44,âœ‚ï¸ Split Range (Aug '08 - Sep '08),1989,1,1,Check: Count > 1000. Split required.
16:16:15,ğŸ“¥ COLLECT DATA,977 (Delta),11,11,Success: 1 Check + 10 Pages (977 items).
16:16:18,âœ‚ï¸ Split Range (Aug '08 - Sep '08),1056,1,1,Check: 1056 > 1000. Precision Split.
16:16:36,ğŸ“¥ COLLECT DATA,531 (Delta),7,7,Success: 1 Check + 6 Pages (531 items).
16:16:54,ğŸ“¥ COLLECT DATA,622 (Delta),8,8,Success: 1 Check + 7 Pages (622 items).
16:16:57,âœ‚ï¸ Split Range (Sep '08 - Nov '08),4121,1,1,Check: Count > 1000. Split required.
16:16:59,âœ‚ï¸ Split Range (Sep '08 - Oct '08),1872,1,1,Check: Count > 1000. Split required.
16:17:31,ğŸ“¥ COLLECT DATA,968 (Delta),11,11,Success: 1 Check + 10 Pages (968 items).
16:17:58,ğŸ“¥ COLLECT DATA,993 (Delta),11,11,Success: 1 Check + 10 Pages (993 items).
16:18:01,âœ‚ï¸ Split Range (Oct '08 - Nov '08),2327,1,1,Check: Count > 1000. Split required.
16:18:03,âœ‚ï¸ Split Range (Oct '08 - Oct '08),1083,1,1,Check: 1083 > 1000. Precision Split.
16:18:20,ğŸ“¥ COLLECT DATA,530 (Delta),7,7,Success: 1 Check + 6 Pages (530 items).
16:18:40,ğŸ“¥ COLLECT DATA,643 (Delta),8,8,Success: 1 Check + 7 Pages (643 items).
16:18:42,âœ‚ï¸ Split Range (Oct '08 - Nov '08),1314,1,1,Check: 1314 > 1000. Split required.
16:19:03,ğŸ“¥ COLLECT DATA,737 (Delta),9,9,Success: 1 Check + 8 Pages (737 items).
16:19:22,ğŸ“¥ COLLECT DATA,644 (Delta),8,8,Success: 1 Check + 7 Pages (644 items).
16:19:25,âœ‚ï¸ Split Range (Nov '08 - Feb '09),13746,1,1,Hit Data Wall (13k). Drilling down.
16:19:27,âœ‚ï¸ Split Range (Nov '08 - Dec '08),5980,1,1,Check: Count > 1000. Split required.
16:19:31,âœ‚ï¸ Split Range (Nov '08 - Nov '08),2683,1,1,Check: Count > 1000. Split required.
16:19:35,âœ‚ï¸ Split Range (Nov '08 - Nov '08),1403,1,1,Check: Count > 1000. Split required.
16:19:53,ğŸ“¥ COLLECT DATA,614 (Delta),8,8,Success: 1 Check + 7 Pages (614 items).
16:20:19,ğŸ“¥ COLLECT DATA,867 (Delta),10,10,Success: 1 Check + 9 Pages (867 items).
16:20:22,âœ‚ï¸ Split Range (Nov '08 - Nov '08),1546,1,1,Check: Count > 1000. Split required.
16:20:45,ğŸ“¥ COLLECT DATA,888 (Delta),10,10,Success: 1 Check + 9 Pages (888 items).
16:21:06,ğŸ“¥ COLLECT DATA,771 (Delta),9,9,Success: 1 Check + 8 Pages (771 items).
16:21:08,âœ‚ï¸ Split Range (Nov '08 - Dec '08),3372,1,1,Check: Count > 1000. Split required.
16:21:10,âœ‚ï¸ Split Range (Nov '08 - Dec '08),1499,1,1,Check: Count > 1000. Split required.
16:21:30,ğŸ“¥ COLLECT DATA,671 (Delta),8,8,Success: 1 Check + 7 Pages (671 items).
16:21:57,ğŸ“¥ COLLECT DATA,967 (Delta),11,11,Success: 1 Check + 10 Pages (967 items).
16:21:59,âœ‚ï¸ Split Range (Dec '08 - Dec '08),2003,1,1,Check: Count > 1000. Split required.
16:22:28,ğŸ“¥ COLLECT DATA,848 (Delta),10,10,Success: 1 Check + 9 Pages (848 items).
16:22:31,âœ‚ï¸ Split Range (Dec '08 - Dec '08),1306,1,1,Check: 1306 > 1000. Split required.
16:22:53,ğŸ“¥ COLLECT DATA,785 (Delta),9,9,Success: 1 Check + 8 Pages (785 items).
16:23:16,ğŸ“¥ COLLECT DATA,776 (Delta),9,9,Success: 1 Check + 8 Pages (776 items).
16:23:19,âœ‚ï¸ Split Range (Dec '08 - Feb '09),7889,1,1,Check: Count > 1000. Split required.
16:23:21,âœ‚ï¸ Split Range (Dec '08 - Jan '09),3622,1,1,Check: Count > 1000. Split required.
16:23:23,âœ‚ï¸ Split Range (Dec '08 - Jan '09),1392,1,1,Check: Count > 1000. Split required.
16:23:44,ğŸ“¥ COLLECT DATA,722 (Delta),9,9,Success: 1 Check + 8 Pages (722 items).
16:24:09,ğŸ“¥ COLLECT DATA,813 (Delta),10,10,Success: 1 Check + 9 Pages (813 items).
16:24:12,âœ‚ï¸ Split Range (Jan '09 - Jan '09),2328,1,1,Check: Count > 1000. Split required.
16:24:14,âœ‚ï¸ Split Range (Jan '09 - Jan '09),1162,1,1,Check: 1162 > 1000. Precision Split.
16:24:32,ğŸ“¥ COLLECT DATA,553 (Delta),7,7,Success: 1 Check + 6 Pages (553 items).
16:24:53,ğŸ“¥ COLLECT DATA,767 (Delta),9,9,Success: 1 Check + 8 Pages (767 items).
16:24:56,âœ‚ï¸ Split Range (Jan '09 - Jan '09),1298,1,1,Check: 1298 > 1000. Split required.
16:25:13,ğŸ“¥ COLLECT DATA,639 (Delta),8,8,Success: 1 Check + 7 Pages (639 items).
16:25:39,ğŸ“¥ COLLECT DATA,803 (Delta),10,10,Success: 1 Check + 9 Pages (803 items).
16:25:43,âœ‚ï¸ Split Range (Jan '09 - Feb '09),4369,1,1,Check: Count > 1000. Split required.
16:25:46,âœ‚ï¸ Split Range (Jan '09 - Jan '09),2134,1,1,Check: Count > 1000. Split required.
16:25:49,âœ‚ï¸ Split Range (Jan '09 - Jan '09),1046,1,1,Check: 1046 > 1000. Precision Split.
16:26:04,ğŸ“¥ COLLECT DATA,548 (Delta),7,7,Success: 1 Check + 6 Pages (548 items).
16:26:24,ğŸ“¥ COLLECT DATA,657 (Delta),8,8,Success: 1 Check + 7 Pages (657 items).
16:26:26,âœ‚ï¸ Split Range (Jan '09 - Jan '09),1239,1,1,Check: 1239 > 1000. Split required.
16:26:42,ğŸ“¥ COLLECT DATA,587 (Delta),7,7,Success: 1 Check + 6 Pages (587 items).
16:27:03,ğŸ“¥ COLLECT DATA,820 (Delta),10,10,Success: 1 Check + 9 Pages (820 items).
16:27:06,âœ‚ï¸ Split Range (Jan '09 - Feb '09),2395,1,1,Check: Count > 1000. Split required.
16:27:08,âœ‚ï¸ Split Range (Jan '09 - Feb '09),1218,1,1,Check: 1218 > 1000. Split required.
16:27:25,ğŸ“¥ COLLECT DATA,639 (Delta),8,8,Success: 1 Check + 7 Pages (639 items).
16:27:48,ğŸ“¥ COLLECT DATA,787 (Delta),9,9,Success: 1 Check + 8 Pages (787 items).
16:27:50,âœ‚ï¸ Split Range (Feb '09 - Feb '09),1358,1,1,Check: 1358 > 1000. Split required.
16:28:10,ğŸ“¥ COLLECT DATA,661 (Delta),8,8,Success: 1 Check + 7 Pages (661 items).
16:28:33,ğŸ“¥ COLLECT DATA,840 (Delta),10,10,Success: 1 Check + 9 Pages (840 items).
16:28:36,âœ‚ï¸ Split Range (Feb '09 - Mar '10),103863,1,1,HUGE WALL: 103k repos. Recursive split.
16:28:39,âœ‚ï¸ Split Range (Feb '09 - Sep '09),40667,1,1,Check: Count > 1000. Split required.
16:28:42,âœ‚ï¸ Split Range (Feb '09 - May '09),20019,1,1,Check: Count > 1000. Split required.
16:28:44,âœ‚ï¸ Split Range (Feb '09 - Apr '09),9795,1,1,Check: Count > 1000. Split required.
16:28:46,âœ‚ï¸ Split Range (Feb '09 - Mar '09),4928,1,1,Check: Count > 1000. Split required.
16:28:49,âœ‚ï¸ Split Range (Feb '09 - Feb '09),2450,1,1,Check: Count > 1000. Split required.
16:28:51,âœ‚ï¸ Split Range (Feb '09 - Feb '09),1284,1,1,Check: Count > 1000. Split required.
16:29:08,ğŸ“¥ COLLECT DATA,666 (Delta),8,8,Success: 1 Check + 7 Pages (666 items).
16:29:27,ğŸ“¥ COLLECT DATA,781 (Delta),9,9,Success: 1 Check + 8 Pages (781 items).
16:29:30,âœ‚ï¸ Split Range (Feb '09 - Feb '09),1395,1,1,Check: 1395 > 1000. Split required.
16:29:52,ğŸ“¥ COLLECT DATA,784 (Delta),9,9,Success: 1 Check + 8 Pages (784 items).
16:30:14,ğŸ“¥ COLLECT DATA,781 (Delta),9,9,Success: 1 Check + 8 Pages (781 items).
16:30:17,âœ‚ï¸ Split Range (Feb '09 - Mar '09),2723,1,1,Check: Count > 1000. Split required.
16:30:20,âœ‚ï¸ Split Range (Feb '09 - Mar '09),1438,1,1,Check: Count > 1000. Split required.
16:30:44,ğŸ“¥ COLLECT DATA,901 (Delta),11,11,Success: 1 Check + 10 Pages (901 items).
16:31:07,ğŸ“¥ COLLECT DATA,754 (Delta),9,9,Success: 1 Check + 8 Pages (754 items).
16:31:09,âœ‚ï¸ Split Range (Mar '09 - Mar '09),1459,1,1,Check: 1459 > 1000. Split required.
16:31:33,ğŸ“¥ COLLECT DATA,787 (Delta),9,9,Success: 1 Check + 8 Pages (787 items).
16:31:55,ğŸ“¥ COLLECT DATA,851 (Delta),10,10,Success: 1 Check + 9 Pages (851 items).
16:31:57,âœ‚ï¸ Split Range (Mar '09 - Apr '09),5054,1,1,Check: Count > 1000. Split required.
16:32:00,âœ‚ï¸ Split Range (Mar '09 - Mar '09),2471,1,1,Check: Count > 1000. Split required.
16:32:03,âœ‚ï¸ Split Range (Mar '09 - Mar '09),1281,1,1,Check: 1281 > 1000. Split required.
16:32:27,ğŸ“¥ COLLECT DATA,809 (Delta),10,10,Success: 1 Check + 9 Pages (809 items).
16:32:47,ğŸ“¥ COLLECT DATA,691 (Delta),8,8,Success: 1 Check + 7 Pages (691 items).
16:32:49,âœ‚ï¸ Split Range (Mar '09 - Mar '09),1327,1,1,Check: 1327 > 1000. Split required.
16:33:08,ğŸ“¥ COLLECT DATA,675 (Delta),8,8,Success: 1 Check + 7 Pages (675 items).
16:33:30,ğŸ“¥ COLLECT DATA,829 (Delta),10,10,Success: 1 Check + 9 Pages (829 items).
16:33:32,âœ‚ï¸ Split Range (Mar '09 - Apr '09),2747,1,1,Check: Count > 1000. Split required.
16:33:34,âœ‚ï¸ Split Range (Mar '09 - Mar '09),1351,1,1,Check: Count > 1000. Split required.
16:33:54,ğŸ“¥ COLLECT DATA,779 (Delta),9,9,Success: 1 Check + 8 Pages (779 items).
16:34:14,ğŸ“¥ COLLECT DATA,797 (Delta),9,9,Success: 1 Check + 8 Pages (797 items).
16:34:15,âœ‚ï¸ Split Range (Mar '09 - Apr '09),1562,1,1,Check: Count > 1000. Split required.
16:34:36,ğŸ“¥ COLLECT DATA,788 (Delta),9,9,Success: 1 Check + 8 Pages (788 items).
16:34:38,âœ‚ï¸ Split Range (Mar '09 - Apr '09),1043,1,1,Check: 1043 > 1000. Precision Split.
16:34:56,ğŸ“¥ COLLECT DATA,710 (Delta),9,9,Success: 1 Check + 8 Pages (710 items).
16:35:13,ğŸ“¥ COLLECT DATA,558 (Delta),7,7,Success: 1 Check + 6 Pages (558 items).
16:35:15,âœ‚ï¸ Split Range (Apr '09 - May '09),10387,1,1,Check: Count > 1000. Split required.
16:35:18,âœ‚ï¸ Split Range (Apr '09 - Apr '09),5084,1,1,Check: Count > 1000. Split required.
16:35:20,âœ‚ï¸ Split Range (Apr '09 - Apr '09),2442,1,1,Check: Count > 1000. Split required.
16:35:22,âœ‚ï¸ Split Range (Apr '09 - Apr '09),1309,1,1,Check: 1309 > 1000. Split required.
16:35:40,ğŸ“¥ COLLECT DATA,714 (Delta),9,9,Success: 1 Check + 8 Pages (714 items).
16:36:01,ğŸ“¥ COLLECT DATA,780 (Delta),9,9,Success: 1 Check + 8 Pages (780 items).
16:36:03,âœ‚ï¸ Split Range (Apr '09 - Apr '09),1321,1,1,Check: 1321 > 1000. Split required.
16:36:23,ğŸ“¥ COLLECT DATA,729 (Delta),9,9,Success: 1 Check + 8 Pages (729 items).
16:36:45,ğŸ“¥ COLLECT DATA,779 (Delta),9,9,Success: 1 Check + 8 Pages (779 items).
16:36:48,âœ‚ï¸ Split Range (Apr '09 - Apr '09),2827,1,1,Check: Count > 1000. Split required.
16:36:50,âœ‚ï¸ Split Range (Apr '09 - Apr '09),1432,1,1,Check: Count > 1000. Split required.
16:37:15,ğŸ“¥ COLLECT DATA,781 (Delta),9,9,Success: 1 Check + 8 Pages (781 items).
16:37:40,ğŸ“¥ COLLECT DATA,853 (Delta),10,10,Success: 1 Check + 9 Pages (853 items).
16:37:42,âœ‚ï¸ Split Range (Apr '09 - Apr '09),1639,1,1,Check: 1639 > 1000. Split required.
16:38:04,ğŸ“¥ COLLECT DATA,902 (Delta),11,11,Success: 1 Check + 10 Pages (902 items).
16:38:28,ğŸ“¥ COLLECT DATA,950 (Delta),11,11,Success: 1 Check + 10 Pages (950 items).
16:38:31,âœ‚ï¸ Split Range (Apr '09 - May '09),5502,1,1,Check: Count > 1000. Split required.
16:38:33,âœ‚ï¸ Split Range (Apr '09 - May '09),2821,1,1,Check: Count > 1000. Split required.
16:38:35,âœ‚ï¸ Split Range (Apr '09 - May '09),1336,1,1,Check: 1336 > 1000. Split required.
16:38:54,ğŸ“¥ COLLECT DATA,737 (Delta),9,9,Success: 1 Check + 8 Pages (737 items).
16:39:14,ğŸ“¥ COLLECT DATA,748 (Delta),9,9,Success: 1 Check + 8 Pages (748 items).
16:39:16,âœ‚ï¸ Split Range (May '09 - May '09),1710,1,1,Check: Count > 1000. Split required.
16:39:40,ğŸ“¥ COLLECT DATA,941 (Delta),11,11,Success: 1 Check + 10 Pages (941 items).
16:40:05,ğŸ“¥ COLLECT DATA,979 (Delta),11,11,Success: 1 Check + 10 Pages (979 items).
16:40:08,âœ‚ï¸ Split Range (May '09 - May '09),2928,1,1,Check: Count > 1000. Split required.
16:40:11,âœ‚ï¸ Split Range (May '09 - May '09),1434,1,1,Check: Count > 1000. Split required.
16:40:36,ğŸ“¥ COLLECT DATA,930 (Delta),11,11,Success: 1 Check + 10 Pages (930 items).
16:40:58,ğŸ“¥ COLLECT DATA,717 (Delta),9,9,Success: 1 Check + 8 Pages (717 items).
16:41:01,âœ‚ï¸ Split Range (May '09 - May '09),1682,1,1,Check: Count > 1000. Split required.
16:41:25,ğŸ“¥ COLLECT DATA,989 (Delta),11,11,Success: 1 Check + 10 Pages (989 items).
16:41:49,ğŸ“¥ COLLECT DATA,985 (Delta),11,11,Success: 1 Check + 10 Pages (985 items).
16:41:51,âœ‚ï¸ Split Range (May '09 - Sep '09),20846,1,1,Hit Wall (20k). Drilling down.
16:41:54,âœ‚ï¸ Split Range (May '09 - Jul '09),10125,1,1,Check: Count > 1000. Split required.
16:41:57,âœ‚ï¸ Split Range (May '09 - Jun '09),5305,1,1,Check: Count > 1000. Split required.
16:41:59,âœ‚ï¸ Split Range (May '09 - Jun '09),2679,1,1,Check: Count > 1000. Split required.
16:42:01,âœ‚ï¸ Split Range (May '09 - May '09),1459,1,1,Check: Count > 1000. Split required.
16:42:25,ğŸ“¥ COLLECT DATA,893 (Delta),10,10,Success: 1 Check + 9 Pages (893 items).
16:42:48,ğŸ“¥ COLLECT DATA,776 (Delta),9,9,Success: 1 Check + 8 Pages (776 items).
16:42:51,âœ‚ï¸ Split Range (May '09 - Jun '09),1384,1,1,Check: Count > 1000. Split required.
16:43:11,ğŸ“¥ COLLECT DATA,784 (Delta),9,9,Success: 1 Check + 8 Pages (784 items).
16:43:35,ğŸ“¥ COLLECT DATA,834 (Delta),10,10,Success: 1 Check + 9 Pages (834 items).
16:43:38,âœ‚ï¸ Split Range (Jun '09 - Jun '09),2794,1,1,Check: Count > 1000. Split required.
16:43:40,âœ‚ï¸ Split Range (Jun '09 - Jun '09),1461,1,1,Check: Count > 1000. Split required.
16:44:02,ğŸ“¥ COLLECT DATA,861 (Delta),10,10,Success: 1 Check + 9 Pages (861 items).
16:44:27,ğŸ“¥ COLLECT DATA,936 (Delta),11,11,Success: 1 Check + 10 Pages (936 items).
16:44:29,âœ‚ï¸ Split Range (Jun '09 - Jun '09),1545,1,1,Check: Count > 1000. Split required.
16:44:51,ğŸ“¥ COLLECT DATA,777 (Delta),9,9,Success: 1 Check + 8 Pages (777 items).
16:45:17,ğŸ“¥ COLLECT DATA,980 (Delta),11,11,Success: 1 Check + 10 Pages (980 items).
16:45:20,âœ‚ï¸ Split Range (Jun '09 - Jul '09),5017,1,1,Check: Count > 1000. Split required.
16:45:22,âœ‚ï¸ Split Range (Jun '09 - Jul '09),2598,1,1,Check: Count > 1000. Split required.
16:45:24,âœ‚ï¸ Split Range (Jun '09 - Jun '09),1323,1,1,Check: 1323 > 1000. Split required.
16:45:42,ğŸ“¥ COLLECT DATA,674 (Delta),8,8,Success: 1 Check + 7 Pages (674 items).
16:46:03,ğŸ“¥ COLLECT DATA,838 (Delta),10,10,Success: 1 Check + 9 Pages (838 items).
16:46:05,âœ‚ï¸ Split Range (Jun '09 - Jul '09),1512,1,1,Check: 1512 > 1000. Split required.
16:46:25,ğŸ“¥ COLLECT DATA,717 (Delta),9,9,Success: 1 Check + 8 Pages (717 items).
16:46:49,ğŸ“¥ COLLECT DATA,975 (Delta),11,11,Success: 1 Check + 10 Pages (975 items).
16:46:51,âœ‚ï¸ Split Range (Jul '09 - Jul '09),2631,1,1,Check: Count > 1000. Split required.
16:46:53,âœ‚ï¸ Split Range (Jul '09 - Jul '09),1296,1,1,Check: 1296 > 1000. Split required.
16:47:14,ğŸ“¥ COLLECT DATA,683 (Delta),8,8,Success: 1 Check + 7 Pages (683 items).
16:47:32,ğŸ“¥ COLLECT DATA,746 (Delta),9,9,Success: 1 Check + 8 Pages (746 items).
16:47:35,âœ‚ï¸ Split Range (Jul '09 - Jul '09),1566,1,1,Check: Count > 1000. Split required.
16:47:56,ğŸ“¥ COLLECT DATA,766 (Delta),9,9,Success: 1 Check + 8 Pages (766 items).
16:48:21,ğŸ“¥ COLLECT DATA,920 (Delta),11,11,Success: 1 Check + 10 Pages (920 items).
16:48:23,âœ‚ï¸ Split Range (Jul '09 - Sep '09),10956,1,1,Hit Wall (10k). Recursive split.
16:48:26,âœ‚ï¸ Split Range (Jul '09 - Aug '09),5298,1,1,Check: Count > 1000. Split required.
16:48:28,âœ‚ï¸ Split Range (Jul '09 - Jul '09),2723,1,1,Check: Count > 1000. Split required.
16:48:30,âœ‚ï¸ Split Range (Jul '09 - Jul '09),1444,1,1,Check: Count > 1000. Split required.
16:48:50,ğŸ“¥ COLLECT DATA,798 (Delta),9,9,Success: 1 Check + 8 Pages (798 items).
16:49:12,ğŸ“¥ COLLECT DATA,819 (Delta),10,10,Success: 1 Check + 9 Pages (819 items).
16:49:14,âœ‚ï¸ Split Range (Jul '09 - Jul '09),1508,1,1,Check: Count > 1000. Split required.
16:49:16,âœ‚ï¸ Split Range (Jul '09 - Jul '09),1030,1,1,Check: 1030 > 1000. Precision Split.
16:49:28,ğŸ“¥ COLLECT DATA,511 (Delta),7,7,Success: 1 Check + 6 Pages (511 items).
16:49:48,ğŸ“¥ COLLECT DATA,801 (Delta),10,10,Success: 1 Check + 9 Pages (801 items).
16:50:11,ğŸ“¥ COLLECT DATA,763 (Delta),9,9,Success: 1 Check + 8 Pages (763 items).
16:50:13,âœ‚ï¸ Split Range (Jul '09 - Aug '09),2780,1,1,Check: Count > 1000. Split required.
16:50:15,âœ‚ï¸ Split Range (Jul '09 - Aug '09),1369,1,1,Check: 1369 > 1000. Split required.
16:50:37,ğŸ“¥ COLLECT DATA,881 (Delta),10,10,Success: 1 Check + 9 Pages (881 items).
16:50:59,ğŸ“¥ COLLECT DATA,715 (Delta),9,9,Success: 1 Check + 8 Pages (715 items).
16:51:01,âœ‚ï¸ Split Range (Aug '09 - Aug '09),1551,1,1,Check: Count > 1000. Split required.
16:51:22,ğŸ“¥ COLLECT DATA,721 (Delta),9,9,Success: 1 Check + 8 Pages (721 items).
16:51:25,âœ‚ï¸ Split Range (Aug '09 - Aug '09),1033,1,1,Check: 1033 > 1000. Precision Split.
16:51:42,ğŸ“¥ COLLECT DATA,657 (Delta),8,8,Success: 1 Check + 7 Pages (657 items).
16:51:59,ğŸ“¥ COLLECT DATA,611 (Delta),8,8,Success: 1 Check + 7 Pages (611 items).
16:52:01,âœ‚ï¸ Split Range (Aug '09 - Sep '09),5841,1,1,Check: Count > 1000. Split required.
16:52:03,âœ‚ï¸ Split Range (Aug '09 - Aug '09),2832,1,1,Check: Count > 1000. Split required.
16:52:06,âœ‚ï¸ Split Range (Aug '09 - Aug '09),1417,1,1,Check: Count > 1000. Split required.
16:52:28,ğŸ“¥ COLLECT DATA,828 (Delta),10,10,Success: 1 Check + 9 Pages (828 items).
16:52:55,ğŸ“¥ COLLECT DATA,797 (Delta),9,9,Success: 1 Check + 8 Pages (797 items).
16:52:58,âœ‚ï¸ Split Range (Aug '09 - Aug '09),1569,1,1,Check: Count > 1000. Split required.
16:53:17,ğŸ“¥ COLLECT DATA,719 (Delta),9,9,Success: 1 Check + 8 Pages (719 items).
16:53:20,âœ‚ï¸ Split Range (Aug '09 - Aug '09),1065,1,1,Check: 1065 > 1000. Precision Split.
16:53:38,ğŸ“¥ COLLECT DATA,685 (Delta),8,8,Success: 1 Check + 7 Pages (685 items).
16:53:54,ğŸ“¥ COLLECT DATA,604 (Delta),8,8,Success: 1 Check + 7 Pages (604 items).
16:53:56,âœ‚ï¸ Split Range (Aug '09 - Sep '09),3185,1,1,Check: Count > 1000. Split required.
16:53:59,âœ‚ï¸ Split Range (Aug '09 - Aug '09),1554,1,1,Check: Count > 1000. Split required.
16:54:20,ğŸ“¥ COLLECT DATA,826 (Delta),10,10,Success: 1 Check + 9 Pages (826 items).
16:54:44,ğŸ“¥ COLLECT DATA,985 (Delta),11,11,Success: 1 Check + 10 Pages (985 items).
16:54:47,âœ‚ï¸ Split Range (Aug '09 - Sep '09),1863,1,1,Check: Count > 1000. Split required.
16:55:09,ğŸ“¥ COLLECT DATA,856 (Delta),10,10,Success: 1 Check + 9 Pages (856 items).
16:55:11,âœ‚ï¸ Split Range (Aug '09 - Sep '09),1251,1,1,Check: 1251 > 1000. Split required.
16:55:33,ğŸ“¥ COLLECT DATA,730 (Delta),9,9,Success: 1 Check + 8 Pages (730 items).
16:55:53,ğŸ“¥ COLLECT DATA,746 (Delta),9,9,Success: 1 Check + 8 Pages (746 items).
16:55:56,âœ‚ï¸ Split Range (Sep '09 - Mar '10),63459,1,1,HUGE WALL (63k). Rapid splitting.
16:55:59,âœ‚ï¸ Split Range (Sep '09 - Dec '09),27077,1,1,Check: Count > 1000. Split required.
16:56:02,âœ‚ï¸ Split Range (Sep '09 - Oct '09),12397,1,1,Check: Count > 1000. Split required.
16:56:04,âœ‚ï¸ Split Range (Sep '09 - Sep '09),5929,1,1,Check: Count > 1000. Split required.
16:56:08,âœ‚ï¸ Split Range (Sep '09 - Sep '09),3050,1,1,Check: Count > 1000. Split required.
16:56:10,âœ‚ï¸ Split Range (Sep '09 - Sep '09),1658,1,1,Check: Count > 1000. Split required.
16:56:32,ğŸ“¥ COLLECT DATA,895 (Delta),10,10,Success: 1 Check + 9 Pages (895 items).
16:56:35,âœ‚ï¸ Split Range (Sep '09 - Sep '09),1033,1,1,Check: 1033 > 1000. Precision Split.
16:56:51,ğŸ“¥ COLLECT DATA,531 (Delta),7,7,Success: 1 Check + 6 Pages (531 items).
16:57:11,ğŸ“¥ COLLECT DATA,763 (Delta),9,9,Success: 1 Check + 8 Pages (763 items).
16:57:14,âœ‚ï¸ Split Range (Sep '09 - Sep '09),1633,1,1,Check: Count > 1000. Split required.
16:57:37,ğŸ“¥ COLLECT DATA,858 (Delta),10,10,Success: 1 Check + 9 Pages (858 items).
16:58:01,ğŸ“¥ COLLECT DATA,949 (Delta),11,11,Success: 1 Check + 10 Pages (949 items).
16:58:04,âœ‚ï¸ Split Range (Sep '09 - Sep '09),3119,1,1,Check: Count > 1000. Split required.
16:58:06,âœ‚ï¸ Split Range (Sep '09 - Sep '09),1535,1,1,Check: Count > 1000. Split required.
16:58:31,ğŸ“¥ COLLECT DATA,887 (Delta),10,10,Success: 1 Check + 9 Pages (887 items).
16:58:53,ğŸ“¥ COLLECT DATA,829 (Delta),10,10,Success: 1 Check + 9 Pages (829 items).
16:58:56,âœ‚ï¸ Split Range (Sep '09 - Sep '09),1837,1,1,Check: Count > 1000. Split required.
16:59:24,ğŸ“¥ COLLECT DATA,932 (Delta),11,11,Success: 1 Check + 10 Pages (932 items).
16:59:26,âœ‚ï¸ Split Range (Sep '09 - Sep '09),1128,1,1,Check: 1128 > 1000. Precision Split.
16:59:43,ğŸ“¥ COLLECT DATA,619 (Delta),8,8,Success: 1 Check + 7 Pages (619 items).
17:00:01,ğŸ“¥ COLLECT DATA,708 (Delta),9,9,Success: 1 Check + 8 Pages (708 items).
17:00:03,âœ‚ï¸ Split Range (Sep '09 - Oct '09),6728,1,1,Check: Count > 1000. Split required.
17:00:06,âœ‚ï¸ Split Range (Sep '09 - Oct '09),3440,1,1,Check: Count > 1000. Split required.
17:00:09,âœ‚ï¸ Split Range (Sep '09 - Oct '09),1698,1,1,Check: Count > 1000. Split required.
17:00:11,âœ‚ï¸ Split Range (Sep '09 - Oct '09),1014,1,1,Check: 1014 > 1000. Precision Split.
17:00:29,ğŸ“¥ COLLECT DATA,524 (Delta),7,7,Success: 1 Check + 6 Pages (524 items).
17:00:50,ğŸ“¥ COLLECT DATA,754 (Delta),9,9,Success: 1 Check + 8 Pages (754 items).
17:01:14,ğŸ“¥ COLLECT DATA,919 (Delta),11,11,Success: 1 Check + 10 Pages (919 items).
17:01:16,âœ‚ï¸ Split Range (Oct '09 - Oct '09),2019,1,1,Check: Count > 1000. Split required.
17:01:19,âœ‚ï¸ Split Range (Oct '09 - Oct '09),1054,1,1,Check: 1054 > 1000. Precision Split.
17:01:34,ğŸ“¥ COLLECT DATA,552 (Delta),7,7,Success: 1 Check + 6 Pages (552 items).
17:01:56,ğŸ“¥ COLLECT DATA,777 (Delta),9,9,Success: 1 Check + 8 Pages (777 items).
17:01:59,âœ‚ï¸ Split Range (Oct '09 - Oct '09),1214,1,1,Check: 1214 > 1000. Split required.
17:02:22,ğŸ“¥ COLLECT DATA,733 (Delta),9,9,Success: 1 Check + 8 Pages (733 items).
17:02:42,ğŸ“¥ COLLECT DATA,712 (Delta),9,9,Success: 1 Check + 8 Pages (712 items).
17:02:45,âœ‚ï¸ Split Range (Oct '09 - Oct '09),3563,1,1,Check: Count > 1000. Split required.
17:02:47,âœ‚ï¸ Split Range (Oct '09 - Oct '09),1724,1,1,Check: Count > 1000. Split required.
17:02:50,âœ‚ï¸ Split Range (Oct '09 - Oct '09),1070,1,1,Check: 1070 > 1000. Precision Split.
17:03:06,ğŸ“¥ COLLECT DATA,538 (Delta),7,7,Success: 1 Check + 6 Pages (538 items).
17:03:06,ğŸ Run Complete,Total: 100166,0,0,Finished with 100% Data Integrity.